<?xml version="1.0" encoding="UTF-8"?>
<config date="1624215260059" transient="false">
	<site updateable="true" url="platform:/base/" enabled="true" policy="USER-EXCLUDE">
		<feature id="org.eclipse.e4.rcp" version="4.20.0.v20210602-2209" url="features/org.eclipse.e4.rcp_4.20.0.v20210602-2209/">
		</feature>
		<feature id="org.eclipse.ecf.filetransfer.httpclient45.feature" version="1.0.703.v20210512-0614" url="features/org.eclipse.ecf.filetransfer.httpclient45.feature_1.0.703.v20210512-0614/">
		</feature>
		<feature id="org.eclipse.help" version="2.3.600.v20210611-1600" url="features/org.eclipse.help_2.3.600.v20210611-1600/" plugin-identifier="org.eclipse.help.base">
		</feature>
		<feature id="org.eclipse.emf.ecore" version="2.24.0.v20210405-0628" url="features/org.eclipse.emf.ecore_2.24.0.v20210405-0628/">
		</feature>
		<feature id="org.eclipse.equinox.p2.extras.feature" version="1.4.1200.v20210507-0825" url="features/org.eclipse.equinox.p2.extras.feature_1.4.1200.v20210507-0825/">
		</feature>
		<feature id="org.eclipse.emf.common" version="2.22.0.v20210319-0732" url="features/org.eclipse.emf.common_2.22.0.v20210319-0732/">
		</feature>
		<feature id="org.eclipse.equinox.p2.rcp.feature" version="1.4.1200.v20210507-0825" url="features/org.eclipse.equinox.p2.rcp.feature_1.4.1200.v20210507-0825/">
		</feature>
		<feature id="org.eclipse.ecf.core.ssl.feature" version="1.1.501.v20210409-2301" url="features/org.eclipse.ecf.core.ssl.feature_1.1.501.v20210409-2301/">
		</feature>
		<feature id="org.eclipse.equinox.p2.user.ui" version="2.4.1200.v20210507-0825" url="features/org.eclipse.equinox.p2.user.ui_2.4.1200.v20210507-0825/">
		</feature>
		<feature id="org.eclipse.mat.ui.rcp.feature" version="1.12.0.202106020830" url="features/org.eclipse.mat.ui.rcp.feature_1.12.0.202106020830/" plugin-identifier="org.eclipse.mat.ui.rcp">
		</feature>
		<feature id="org.eclipse.ecf.filetransfer.feature" version="3.14.1703.v20210409-2301" url="features/org.eclipse.ecf.filetransfer.feature_3.14.1703.v20210409-2301/">
		</feature>
		<feature id="org.eclipse.ecf.core.feature" version="1.5.702.v20210409-2301" url="features/org.eclipse.ecf.core.feature_1.5.702.v20210409-2301/">
		</feature>
		<feature id="org.eclipse.ecf.filetransfer.ssl.feature" version="1.1.401.v20210409-2301" url="features/org.eclipse.ecf.filetransfer.ssl.feature_1.1.401.v20210409-2301/">
		</feature>
		<feature id="org.eclipse.rcp" version="4.20.0.v20210611-1600" url="features/org.eclipse.rcp_4.20.0.v20210611-1600/">
		</feature>
		<feature id="org.eclipse.equinox.p2.core.feature" version="1.6.1000.v20210507-0825" url="features/org.eclipse.equinox.p2.core.feature_1.6.1000.v20210507-0825/">
		</feature>
	</site>
</config>
