<?xml version="1.0" encoding="UTF-8"?>
<feature
      id="org.eclipse.e4.rcp"
      label="%featureName"
      version="4.20.0.v20210602-2209"
      provider-name="%providerName">

   <description>
      %description
   </description>

   <copyright>
      %copyright
   </copyright>

   <license url="%licenseURL">
      %license
   </license>

   <requires>
      <import feature="org.eclipse.emf.common" version="2.7.0" match="compatible"/>
      <import feature="org.eclipse.emf.ecore" version="2.7.0" match="compatible"/>
   </requires>

   <plugin
         id="org.eclipse.e4.core.services"
         download-size="68"
         install-size="125"
         version="2.2.600.v20210110-1654"
         unpack="false"/>

   <plugin
         id="org.eclipse.e4.ui.workbench.swt"
         download-size="143"
         install-size="287"
         version="0.16.100.v20210315-1604"
         unpack="false"/>

   <plugin
         id="org.eclipse.e4.core.commands"
         download-size="25"
         install-size="46"
         version="1.0.0.v20210507-1901"
         unpack="false"/>

   <plugin
         id="org.eclipse.e4.ui.bindings"
         download-size="44"
         install-size="92"
         version="0.13.0.v20201119-1132"
         unpack="false"/>

   <plugin
         id="org.eclipse.e4.ui.model.workbench"
         download-size="388"
         install-size="1179"
         version="2.1.1000.v20210111-0958"
         unpack="false"/>

   <plugin
         id="org.eclipse.e4.ui.services"
         download-size="24"
         install-size="38"
         version="1.5.0.v20210115-1333"
         unpack="false"/>

   <plugin
         id="org.eclipse.e4.ui.workbench.renderers.swt"
         download-size="244"
         install-size="553"
         version="0.15.100.v20210515-1815"
         unpack="false"/>

   <plugin
         id="org.eclipse.e4.ui.workbench"
         download-size="255"
         install-size="546"
         version="1.13.0.v20210521-0741"
         unpack="false"/>

   <plugin
         id="org.eclipse.e4.ui.css.core"
         download-size="210"
         install-size="430"
         version="0.13.0.v20201015-0653"
         unpack="false"/>

   <plugin
         id="org.eclipse.e4.ui.css.swt"
         download-size="200"
         install-size="415"
         version="0.14.200.v20210401-1241"
         unpack="false"/>

   <plugin
         id="org.apache.batik.css"
         download-size="353"
         install-size="712"
         version="1.14.0.v20210324-0332"
         unpack="false"/>

   <plugin
         id="org.w3c.css.sac"
         download-size="35"
         install-size="61"
         version="1.3.1.v200903091627"
         unpack="false"/>

   <plugin
         id="org.apache.batik.util"
         download-size="144"
         install-size="283"
         version="1.14.0.v20210324-0332"
         unpack="false"/>

   <plugin
         id="org.w3c.dom.svg"
         download-size="95"
         install-size="134"
         version="1.1.0.v201011041433"
         unpack="false"/>

   <plugin
         id="org.w3c.dom.smil"
         download-size="21"
         install-size="40"
         version="1.0.1.v200903091627"
         unpack="false"/>

   <plugin
         id="org.w3c.dom.events"
         download-size="15"
         install-size="22"
         version="3.0.0.draft20060413_v201105210656"
         unpack="false"/>

   <plugin
         id="javax.inject"
         download-size="14"
         install-size="24"
         version="1.0.0.v20091030"
         unpack="false"/>

   <plugin
         id="javax.annotation"
         download-size="46"
         install-size="115"
         version="1.3.5.v20200909-1856"
         unpack="false"/>

   <plugin
         id="org.eclipse.e4.core.di"
         download-size="51"
         install-size="107"
         version="1.7.800.v20210526-1618"
         unpack="false"/>

   <plugin
         id="org.eclipse.e4.core.contexts"
         download-size="47"
         install-size="93"
         version="1.8.400.v20191217-1710"
         unpack="false"/>

   <plugin
         id="org.apache.batik.i18n"
         download-size="23"
         install-size="44"
         version="1.14.0.v20210324-0332"
         unpack="false"/>

   <plugin
         id="org.apache.batik.constants"
         download-size="20"
         install-size="39"
         version="1.14.0.v20210324-0332"
         unpack="false"/>

   <plugin
         id="org.apache.xmlgraphics"
         download-size="703"
         install-size="1400"
         version="2.6.0.v20210409-0748"
         unpack="false"/>

   <plugin
         id="org.apache.commons.io"
         download-size="302"
         install-size="604"
         version="2.8.0.v20210415-0900"
         unpack="false"/>

   <plugin
         id="org.apache.commons.logging"
         download-size="71"
         install-size="145"
         version="1.2.0.v20180409-1502"
         unpack="false"/>

   <plugin
         id="org.eclipse.e4.core.di.extensions"
         download-size="11"
         install-size="14"
         version="0.16.0.v20200507-0938"
         unpack="false"/>

   <plugin
         id="org.eclipse.e4.ui.css.swt.theme"
         download-size="27"
         install-size="50"
         version="0.13.0.v20201026-1147"
         unpack="false"/>

   <plugin
         id="org.eclipse.e4.ui.di"
         download-size="16"
         install-size="23"
         version="1.3.0.v20210222-1018"
         unpack="false"/>

   <plugin
         id="org.eclipse.e4.ui.widgets"
         download-size="13"
         install-size="21"
         version="1.2.900.v20210412-0842"
         unpack="false"/>

   <plugin
         id="org.eclipse.e4.ui.workbench.renderers.swt.cocoa"
         os="macosx"
         ws="cocoa"
         download-size="29"
         install-size="53"
         version="0.12.600.v20200416-0656"
         fragment="true"
         unpack="false"/>

   <plugin
         id="org.eclipse.equinox.common"
         download-size="139"
         install-size="269"
         version="3.15.0.v20210518-0604"
         unpack="false"/>

   <plugin
         id="org.apache.felix.scr"
         download-size="411"
         install-size="960"
         version="2.1.24.v20200924-1939"
         unpack="false"/>

   <plugin
         id="org.eclipse.equinox.event"
         download-size="32"
         install-size="58"
         version="1.6.0.v20210212-1143"
         unpack="false"/>

   <plugin
         id="org.eclipse.core.commands"
         download-size="112"
         install-size="213"
         version="3.10.0.v20210401-0744"
         unpack="false"/>

   <plugin
         id="org.eclipse.core.contenttype"
         download-size="98"
         install-size="207"
         version="3.7.1000.v20210409-1722"
         unpack="false"/>

   <plugin
         id="org.eclipse.core.databinding"
         download-size="180"
         install-size="420"
         version="1.10.100.v20200926-1123"
         unpack="false"/>

   <plugin
         id="org.eclipse.core.databinding.beans"
         download-size="91"
         install-size="262"
         version="1.7.200.v20210111-0759"
         unpack="false"/>

   <plugin
         id="org.eclipse.core.databinding.observable"
         download-size="306"
         install-size="726"
         version="1.10.0.v20200730-0848"
         unpack="false"/>

   <plugin
         id="org.eclipse.core.databinding.property"
         download-size="161"
         install-size="431"
         version="1.8.100.v20200619-0651"
         unpack="false"/>

   <plugin
         id="org.eclipse.core.expressions"
         download-size="90"
         install-size="178"
         version="3.7.100.v20210203-1000"
         unpack="false"/>

   <plugin
         id="org.eclipse.core.jobs"
         download-size="105"
         install-size="208"
         version="3.11.0.v20210420-1453"
         unpack="false"/>

   <plugin
         id="org.eclipse.core.runtime"
         download-size="69"
         install-size="149"
         version="3.22.0.v20210506-1025"
         unpack="false"/>

   <plugin
         id="org.eclipse.equinox.app"
         download-size="87"
         install-size="176"
         version="1.5.100.v20210212-1143"
         unpack="false"/>

   <plugin
         id="org.eclipse.equinox.launcher"
         download-size="52"
         install-size="93"
         version="1.6.200.v20210416-2027"
         unpack="false"/>

   <plugin
         id="org.eclipse.equinox.preferences"
         download-size="133"
         install-size="274"
         version="3.8.200.v20210212-1143"
         unpack="false"/>

   <plugin
         id="org.eclipse.equinox.registry"
         download-size="190"
         install-size="400"
         version="3.10.200.v20210503-1606"
         unpack="false"/>

   <plugin
         id="org.eclipse.equinox.simpleconfigurator"
         download-size="45"
         install-size="85"
         version="1.4.0.v20210315-2228"
         unpack="false"/>

   <plugin
         id="org.eclipse.osgi"
         download-size="1456"
         install-size="3133"
         version="3.16.300.v20210525-1715"
         unpack="false"/>

   <plugin
         id="org.eclipse.osgi.compatibility.state"
         download-size="242"
         install-size="596"
         version="1.2.400.v20210401-1438"
         fragment="true"
         unpack="false"/>

   <plugin
         id="org.eclipse.osgi.services"
         download-size="125"
         install-size="201"
         version="3.10.100.v20210324-0936"
         unpack="false"/>

   <plugin
         id="org.eclipse.osgi.util"
         download-size="71"
         install-size="148"
         version="3.6.0.v20210212-1137"
         unpack="false"/>

   <plugin
         id="org.eclipse.equinox.launcher.cocoa.macosx.x86_64"
         os="macosx"
         ws="cocoa"
         arch="x86_64"
         download-size="40"
         install-size="109"
         version="1.2.200.v20210527-0259"
         fragment="true"/>

   <plugin
         id="org.eclipse.equinox.launcher.cocoa.macosx.aarch64"
         os="macosx"
         ws="cocoa"
         arch="aarch64"
         download-size="39"
         install-size="124"
         version="1.2.200.v20210527-0259"
         fragment="true"/>

   <plugin
         id="org.eclipse.equinox.launcher.gtk.linux.ppc64le"
         os="linux"
         ws="gtk"
         arch="ppc64le"
         download-size="84"
         install-size="262"
         version="1.2.200.v20210429-1609"
         fragment="true"/>

   <plugin
         id="org.eclipse.equinox.launcher.gtk.linux.aarch64"
         os="linux"
         ws="gtk"
         arch="aarch64"
         download-size="81"
         install-size="198"
         version="1.2.200.v20210429-1609"
         fragment="true"/>

   <plugin
         id="org.eclipse.equinox.launcher.gtk.linux.x86_64"
         os="linux"
         ws="gtk"
         arch="x86_64"
         download-size="83"
         install-size="194"
         version="1.2.200.v20210429-1609"
         fragment="true"/>

   <plugin
         id="org.eclipse.equinox.launcher.win32.win32.x86_64"
         os="win32"
         ws="win32"
         arch="x86_64"
         download-size="82"
         install-size="162"
         version="1.2.200.v20210429-1609"
         fragment="true"/>

   <plugin
         id="org.eclipse.swt"
         download-size="16"
         install-size="33"
         version="3.116.100.v20210602-2209"
         unpack="false"/>

   <plugin
         id="org.eclipse.swt.win32.win32.x86_64"
         os="win32"
         ws="win32"
         arch="x86_64"
         download-size="2422"
         install-size="5115"
         version="3.116.100.v20210602-2209"
         fragment="true"
         unpack="false"/>

   <plugin
         id="org.eclipse.swt.gtk.linux.ppc64le"
         os="linux"
         ws="gtk"
         arch="ppc64le"
         download-size="2005"
         install-size="5170"
         version="3.116.100.v20210602-2209"
         fragment="true"
         unpack="false"/>

   <plugin
         id="org.eclipse.swt.gtk.linux.aarch64"
         os="linux"
         ws="gtk"
         arch="aarch64"
         download-size="2030"
         install-size="5067"
         version="3.116.100.v20210602-2209"
         fragment="true"
         unpack="false"/>

   <plugin
         id="org.eclipse.swt.gtk.linux.x86_64"
         os="linux"
         ws="gtk"
         arch="x86_64"
         download-size="2050"
         install-size="4738"
         version="3.116.100.v20210602-2209"
         fragment="true"
         unpack="false"/>

   <plugin
         id="org.eclipse.swt.cocoa.macosx.x86_64"
         os="macosx"
         ws="cocoa"
         arch="x86_64"
         download-size="2107"
         install-size="5031"
         version="3.116.100.v20210602-2209"
         fragment="true"
         unpack="false"/>

   <plugin
         id="org.eclipse.swt.cocoa.macosx.aarch64"
         os="macosx"
         ws="cocoa"
         arch="aarch64"
         download-size="2102"
         install-size="5026"
         version="3.116.100.v20210602-2209"
         fragment="true"
         unpack="false"/>

   <plugin
         id="org.eclipse.jface"
         download-size="1103"
         install-size="2241"
         version="3.22.200.v20210401-0958"
         unpack="false"/>

   <plugin
         id="org.eclipse.jface.databinding"
         download-size="291"
         install-size="672"
         version="1.12.200.v20210111-0911"
         unpack="false"/>

   <plugin
         id="org.eclipse.e4.ui.workbench3"
         download-size="20"
         install-size="33"
         version="0.15.500.v20201021-1339"
         unpack="false"/>

   <plugin
         id="org.apache.felix.gogo.command"
         download-size="52"
         install-size="106"
         version="1.1.2.v20210111-1007"
         unpack="false"/>

   <plugin
         id="org.apache.felix.gogo.runtime"
         download-size="219"
         install-size="422"
         version="1.1.4.v20210111-1007"
         unpack="false"/>

   <plugin
         id="org.apache.felix.gogo.shell"
         download-size="69"
         install-size="138"
         version="1.1.4.v20210111-1007"
         unpack="false"/>

   <plugin
         id="org.eclipse.equinox.console"
         download-size="126"
         install-size="258"
         version="1.4.400.v20210602-1312"
         unpack="false"/>

   <plugin
         id="org.eclipse.e4.ui.workbench.addons.swt"
         download-size="115"
         install-size="247"
         version="1.4.200.v20210321-1910"
         unpack="false"/>

   <plugin
         id="org.eclipse.equinox.bidi"
         download-size="50"
         install-size="93"
         version="1.3.100.v20210212-1143"
         unpack="false"/>

   <plugin
         id="org.eclipse.e4.ui.dialogs"
         download-size="56"
         install-size="108"
         version="1.2.100.v20201109-2317"
         unpack="false"/>

   <plugin
         id="org.apache.commons.jxpath"
         download-size="317"
         install-size="658"
         version="1.3.0.v200911051830"
         unpack="false"/>

   <plugin
         id="org.eclipse.e4.emf.xpath"
         download-size="50"
         install-size="98"
         version="0.2.800.v20200609-0849"
         unpack="false"/>

   <plugin
         id="org.eclipse.e4.core.di.annotations"
         download-size="11"
         install-size="15"
         version="1.6.600.v20191216-2352"
         unpack="false"/>

   <plugin
         id="org.eclipse.e4.ui.swt.gtk"
         ws="gtk"
         download-size="10"
         install-size="14"
         version="1.1.100.v20210108-1832"
         fragment="true"
         unpack="false"/>

   <plugin
         id="org.eclipse.e4.ui.swt.win32"
         ws="win32"
         download-size="10"
         install-size="14"
         version="1.1.0.v20201119-1132"
         fragment="true"
         unpack="false"/>

   <plugin
         id="org.eclipse.e4.core.di.extensions.supplier"
         download-size="39"
         install-size="81"
         version="0.16.0.v20210412-1358"
         unpack="false"/>

   <plugin
         id="org.eclipse.urischeme"
         download-size="51"
         install-size="98"
         version="1.1.400.v20210407-1558"
         unpack="false"/>

   <plugin
         id="org.eclipse.jface.notifications"
         download-size="25"
         install-size="42"
         version="0.3.0.v20210218-1820"
         unpack="false"/>

   <plugin
         id="com.sun.jna"
         download-size="1724"
         install-size="4777"
         version="5.8.0.v20210503-0343"
         unpack="false"/>

   <plugin
         id="com.sun.jna.platform"
         download-size="1444"
         install-size="2885"
         version="5.8.0.v20210406-1004"
         unpack="false"/>

</feature>
